-- 10 người ở Quận 1
INSERT INTO ADMIN_TEST.RENEWAL (CMND, DISTRICT, STATUS, CREATE_DATE) VALUES ('111111111', 'QUAN1', 'Đang chờ xử lý', SYSTIMESTAMP);
INSERT INTO ADMIN_TEST.RENEWAL (CMND, DISTRICT, STATUS, CREATE_DATE) VALUES ('111111112', 'QUAN1', 'Đang chờ xử lý', SYSTIMESTAMP);
INSERT INTO ADMIN_TEST.RENEWAL (CMND, DISTRICT, STATUS, CREATE_DATE) VALUES ('111111113', 'QUAN1', 'Đang chờ xử lý', SYSTIMESTAMP);
INSERT INTO ADMIN_TEST.RENEWAL (CMND, DISTRICT, STATUS, CREATE_DATE) VALUES ('111111114', 'QUAN1', 'Đang chờ xử lý', SYSTIMESTAMP);
INSERT INTO ADMIN_TEST.RENEWAL (CMND, DISTRICT, STATUS, CREATE_DATE) VALUES ('111111115', 'QUAN1', 'Đang chờ xử lý', SYSTIMESTAMP);
INSERT INTO ADMIN_TEST.RENEWAL (CMND, DISTRICT, STATUS, CREATE_DATE) VALUES ('111111116', 'QUAN1', 'Đang chờ xử lý', SYSTIMESTAMP);
INSERT INTO ADMIN_TEST.RENEWAL (CMND, DISTRICT, STATUS, CREATE_DATE) VALUES ('111111117', 'QUAN1', 'Đang chờ xử lý', SYSTIMESTAMP);
INSERT INTO ADMIN_TEST.RENEWAL (CMND, DISTRICT, STATUS, CREATE_DATE) VALUES ('111111118', 'QUAN1', 'Đang chờ xử lý', SYSTIMESTAMP);
INSERT INTO ADMIN_TEST.RENEWAL (CMND, DISTRICT, STATUS, CREATE_DATE) VALUES ('111111119', 'QUAN1', 'Đang chờ xử lý', SYSTIMESTAMP);
INSERT INTO ADMIN_TEST.RENEWAL (CMND, DISTRICT, STATUS, CREATE_DATE) VALUES ('111111120', 'QUAN1', 'Đang chờ xử lý', SYSTIMESTAMP);

-- 10 người ở Quận 2
INSERT INTO ADMIN_TEST.RENEWAL (CMND, DISTRICT, STATUS, CREATE_DATE) VALUES ('222222221', 'QUAN2', 'Đang chờ xử lý', SYSTIMESTAMP);
INSERT INTO ADMIN_TEST.RENEWAL (CMND, DISTRICT, STATUS, CREATE_DATE) VALUES ('222222222', 'QUAN2', 'Đang chờ xử lý', SYSTIMESTAMP);
INSERT INTO ADMIN_TEST.RENEWAL (CMND, DISTRICT, STATUS, CREATE_DATE) VALUES ('222222223', 'QUAN2', 'Đang chờ xử lý', SYSTIMESTAMP);
INSERT INTO ADMIN_TEST.RENEWAL (CMND, DISTRICT, STATUS, CREATE_DATE) VALUES ('222222224', 'QUAN2', 'Đang chờ xử lý', SYSTIMESTAMP);
INSERT INTO ADMIN_TEST.RENEWAL (CMND, DISTRICT, STATUS, CREATE_DATE) VALUES ('222222225', 'QUAN2', 'Đang chờ xử lý', SYSTIMESTAMP);
INSERT INTO ADMIN_TEST.RENEWAL (CMND, DISTRICT, STATUS, CREATE_DATE) VALUES ('222222226', 'QUAN2', 'Đang chờ xử lý', SYSTIMESTAMP);
INSERT INTO ADMIN_TEST.RENEWAL (CMND, DISTRICT, STATUS, CREATE_DATE) VALUES ('222222227', 'QUAN2', 'Đang chờ xử lý', SYSTIMESTAMP);
INSERT INTO ADMIN_TEST.RENEWAL (CMND, DISTRICT, STATUS, CREATE_DATE) VALUES ('222222228', 'QUAN2', 'Đang chờ xử lý', SYSTIMESTAMP);
INSERT INTO ADMIN_TEST.RENEWAL (CMND, DISTRICT, STATUS, CREATE_DATE) VALUES ('222222229', 'QUAN2', 'Đang chờ xử lý', SYSTIMESTAMP);
INSERT INTO ADMIN_TEST.RENEWAL (CMND, DISTRICT, STATUS, CREATE_DATE) VALUES ('222222230', 'QUAN2', 'Đang chờ xử lý', SYSTIMESTAMP);

COMMIT;

--====Bảng RENEWAL=====---
-- 10 cư dân ở Quận 1 (tương ứng với CMND từ bảng RENEWAL)
INSERT INTO ADMIN_TEST.RESIDENT (NAME, ADDRESS, DISTRICT, CMND, PHONE_NUMBER) VALUES ('Nguyễn Văn An', '123 Lê Lợi Q1', 'QUAN1', '111111111', '0901111111');
INSERT INTO ADMIN_TEST.RESIDENT (NAME, ADDRESS, DISTRICT, CMND, PHONE_NUMBER) VALUES ('Trần Thị Bình', '124 Lê Lợi Q1', 'QUAN1', '111111112', '0901111112');
INSERT INTO ADMIN_TEST.RESIDENT (NAME, ADDRESS, DISTRICT, CMND, PHONE_NUMBER) VALUES ('Lê Văn Cường', '125 Lê Lợi Q1', 'QUAN1', '111111113', '0901111113');
INSERT INTO ADMIN_TEST.RESIDENT (NAME, ADDRESS, DISTRICT, CMND, PHONE_NUMBER) VALUES ('Phạm Thị Dung', '126 Lê Lợi Q1', 'QUAN1', '111111114', '0901111114');
INSERT INTO ADMIN_TEST.RESIDENT (NAME, ADDRESS, DISTRICT, CMND, PHONE_NUMBER) VALUES ('Hoàng Văn Em', '127 Lê Lợi Q1', 'QUAN1', '111111115', '0901111115');
INSERT INTO ADMIN_TEST.RESIDENT (NAME, ADDRESS, DISTRICT, CMND, PHONE_NUMBER) VALUES ('Vũ Thị Phương', '128 Lê Lợi Q1', 'QUAN1', '111111116', '0901111116');
INSERT INTO ADMIN_TEST.RESIDENT (NAME, ADDRESS, DISTRICT, CMND, PHONE_NUMBER) VALUES ('Đặng Văn Gia', '129 Lê Lợi Q1', 'QUAN1', '111111117', '0901111117');
INSERT INTO ADMIN_TEST.RESIDENT (NAME, ADDRESS, DISTRICT, CMND, PHONE_NUMBER) VALUES ('Bùi Thị Hương', '130 Lê Lợi Q1', 'QUAN1', '111111118', '0901111118');
INSERT INTO ADMIN_TEST.RESIDENT (NAME, ADDRESS, DISTRICT, CMND, PHONE_NUMBER) VALUES ('Ngô Văn Ích', '131 Lê Lợi Q1', 'QUAN1', '111111119', '0901111119');
INSERT INTO ADMIN_TEST.RESIDENT (NAME, ADDRESS, DISTRICT, CMND, PHONE_NUMBER) VALUES ('Đỗ Thị Kim', '132 Lê Lợi Q1', 'QUAN1', '111111120', '0901111120');

-- 10 cư dân ở Quận 2 (tương ứng với CMND từ bảng RENEWAL)
INSERT INTO ADMIN_TEST.RESIDENT (NAME, ADDRESS, DISTRICT, CMND, PHONE_NUMBER) VALUES ('Mai Văn Long', '456 Nguyễn Huệ Q2', 'QUAN2', '222222221', '0902222221');
INSERT INTO ADMIN_TEST.RESIDENT (NAME, ADDRESS, DISTRICT, CMND, PHONE_NUMBER) VALUES ('Lý Thị Mận', '457 Nguyễn Huệ Q2', 'QUAN2', '222222222', '0902222222');
INSERT INTO ADMIN_TEST.RESIDENT (NAME, ADDRESS, DISTRICT, CMND, PHONE_NUMBER) VALUES ('Cao Văn Nam', '458 Nguyễn Huệ Q2', 'QUAN2', '222222223', '0902222223');
INSERT INTO ADMIN_TEST.RESIDENT (NAME, ADDRESS, DISTRICT, CMND, PHONE_NUMBER) VALUES ('Tô Thị Oanh', '459 Nguyễn Huệ Q2', 'QUAN2', '222222224', '0902222224');
INSERT INTO ADMIN_TEST.RESIDENT (NAME, ADDRESS, DISTRICT, CMND, PHONE_NUMBER) VALUES ('Hà Văn Phúc', '460 Nguyễn Huệ Q2', 'QUAN2', '222222225', '0902222225');
INSERT INTO ADMIN_TEST.RESIDENT (NAME, ADDRESS, DISTRICT, CMND, PHONE_NUMBER) VALUES ('Lâm Thị Quỳnh', '461 Nguyễn Huệ Q2', 'QUAN2', '222222226', '0902222226');
INSERT INTO ADMIN_TEST.RESIDENT (NAME, ADDRESS, DISTRICT, CMND, PHONE_NUMBER) VALUES ('Kiều Văn Sơn', '462 Nguyễn Huệ Q2', 'QUAN2', '222222227', '0902222227');
INSERT INTO ADMIN_TEST.RESIDENT (NAME, ADDRESS, DISTRICT, CMND, PHONE_NUMBER) VALUES ('Vương Thị Tuyết', '463 Nguyễn Huệ Q2', 'QUAN2', '222222228', '0902222228');
INSERT INTO ADMIN_TEST.RESIDENT (NAME, ADDRESS, DISTRICT, CMND, PHONE_NUMBER) VALUES ('Trịnh Văn Uyên', '464 Nguyễn Huệ Q2', 'QUAN2', '222222229', '0902222229');
INSERT INTO ADMIN_TEST.RESIDENT (NAME, ADDRESS, DISTRICT, CMND, PHONE_NUMBER) VALUES ('Chu Thị Vân', '465 Nguyễn Huệ Q2', 'QUAN2', '222222230', '0902222230');

COMMIT;


--===bảng PASSPORT==--
-- 10 passport cho cư dân Quận 1
INSERT INTO ADMIN_TEST.PASSPORT (ID, CMND, CREATE_DATE, END_DATE) VALUES ('P111111111', '111111111', TIMESTAMP '2022-01-15 00:00:00', TIMESTAMP '2027-01-15 00:00:00');
INSERT INTO ADMIN_TEST.PASSPORT (ID, CMND, CREATE_DATE, END_DATE) VALUES ('P111111112', '111111112', TIMESTAMP '2022-02-20 00:00:00', TIMESTAMP '2027-02-20 00:00:00');
INSERT INTO ADMIN_TEST.PASSPORT (ID, CMND, CREATE_DATE, END_DATE) VALUES ('P111111113', '111111113', TIMESTAMP '2022-03-10 00:00:00', TIMESTAMP '2027-03-10 00:00:00');
INSERT INTO ADMIN_TEST.PASSPORT (ID, CMND, CREATE_DATE, END_DATE) VALUES ('P111111114', '111111114', TIMESTAMP '2022-04-05 00:00:00', TIMESTAMP '2027-04-05 00:00:00');
INSERT INTO ADMIN_TEST.PASSPORT (ID, CMND, CREATE_DATE, END_DATE) VALUES ('P111111115', '111111115', TIMESTAMP '2022-05-12 00:00:00', TIMESTAMP '2027-05-12 00:00:00');
INSERT INTO ADMIN_TEST.PASSPORT (ID, CMND, CREATE_DATE, END_DATE) VALUES ('P111111116', '111111116', TIMESTAMP '2022-06-18 00:00:00', TIMESTAMP '2027-06-18 00:00:00');
INSERT INTO ADMIN_TEST.PASSPORT (ID, CMND, CREATE_DATE, END_DATE) VALUES ('P111111117', '111111117', TIMESTAMP '2022-07-22 00:00:00', TIMESTAMP '2027-07-22 00:00:00');
INSERT INTO ADMIN_TEST.PASSPORT (ID, CMND, CREATE_DATE, END_DATE) VALUES ('P111111118', '111111118', TIMESTAMP '2022-08-30 00:00:00', TIMESTAMP '2027-08-30 00:00:00');
INSERT INTO ADMIN_TEST.PASSPORT (ID, CMND, CREATE_DATE, END_DATE) VALUES ('P111111119', '111111119', TIMESTAMP '2022-09-14 00:00:00', TIMESTAMP '2027-09-14 00:00:00');
INSERT INTO ADMIN_TEST.PASSPORT (ID, CMND, CREATE_DATE, END_DATE) VALUES ('P111111120', '111111120', TIMESTAMP '2022-10-25 00:00:00', TIMESTAMP '2027-10-25 00:00:00');

-- 10 passport cho cư dân Quận 2
INSERT INTO ADMIN_TEST.PASSPORT (ID, CMND, CREATE_DATE, END_DATE) VALUES ('P222222221', '222222221', TIMESTAMP '2022-11-08 00:00:00', TIMESTAMP '2027-11-08 00:00:00');
INSERT INTO ADMIN_TEST.PASSPORT (ID, CMND, CREATE_DATE, END_DATE) VALUES ('P222222222', '222222222', TIMESTAMP '2022-12-15 00:00:00', TIMESTAMP '2027-12-15 00:00:00');
INSERT INTO ADMIN_TEST.PASSPORT (ID, CMND, CREATE_DATE, END_DATE) VALUES ('P222222223', '222222223', TIMESTAMP '2023-01-20 00:00:00', TIMESTAMP '2028-01-20 00:00:00');
INSERT INTO ADMIN_TEST.PASSPORT (ID, CMND, CREATE_DATE, END_DATE) VALUES ('P222222224', '222222224', TIMESTAMP '2023-02-10 00:00:00', TIMESTAMP '2028-02-10 00:00:00');
INSERT INTO ADMIN_TEST.PASSPORT (ID, CMND, CREATE_DATE, END_DATE) VALUES ('P222222225', '222222225', TIMESTAMP '2023-03-05 00:00:00', TIMESTAMP '2028-03-05 00:00:00');
INSERT INTO ADMIN_TEST.PASSPORT (ID, CMND, CREATE_DATE, END_DATE) VALUES ('P222222226', '222222226', TIMESTAMP '2023-04-12 00:00:00', TIMESTAMP '2028-04-12 00:00:00');
INSERT INTO ADMIN_TEST.PASSPORT (ID, CMND, CREATE_DATE, END_DATE) VALUES ('P222222227', '222222227', TIMESTAMP '2023-05-18 00:00:00', TIMESTAMP '2028-05-18 00:00:00');
INSERT INTO ADMIN_TEST.PASSPORT (ID, CMND, CREATE_DATE, END_DATE) VALUES ('P222222228', '222222228', TIMESTAMP '2023-06-22 00:00:00', TIMESTAMP '2028-06-22 00:00:00');
INSERT INTO ADMIN_TEST.PASSPORT (ID, CMND, CREATE_DATE, END_DATE) VALUES ('P222222229', '222222229', TIMESTAMP '2023-07-30 00:00:00', TIMESTAMP '2028-07-30 00:00:00');
INSERT INTO ADMIN_TEST.PASSPORT (ID, CMND, CREATE_DATE, END_DATE) VALUES ('P222222230', '222222230', TIMESTAMP '2023-08-15 00:00:00', TIMESTAMP '2028-08-15 00:00:00');

COMMIT;

